date,symbol,open,close,volume,open_interest,first_notice,till_notice_cd,is_passed,Best_Vol,Best_Oi,B_V_3,auto_roll,Auto_Best_V,Forced_roll_V,Forced_Best_V,+2_Forced_Roll_V,+2_Forced_Best_V,auto_roll_hold,+1_auto_roll_hold,forced_roll_hold,f_r_h_Best_V,confirm_forced_roll_hold,Test_Hold,Test_Best_V
1989-05-08,ZC-1989K,280.5,279.5,2699,10986,1989-04-28,-10,true,"","","",ZC-1989N,true,"","","","",ZC-1989N,ZC-1989U,ZC-1989N,true,ZC-1989N,ZC-1989N,true
1989-05-08,ZC-1989N,277.0,275.25,14721,73978,1989-06-30,53,false,true,true,true,ZC-1989N,true,"","","","",ZC-1989N,ZC-1989U,ZC-1989N,true,ZC-1989N,ZC-1989N,true
1989-05-08,ZC-1989U,266.5,265.5,1599,14887,1989-08-31,115,false,false,false,false,ZC-1989N,true,"","","","",ZC-1989N,ZC-1989U,ZC-1989N,true,ZC-1989N,ZC-1989N,true
1989-05-08,ZC-1989Z,263.25,262.25,5236,56002,1989-11-30,206,false,false,false,false,ZC-1989N,true,"","","","",ZC-1989N,ZC-1989U,ZC-1989N,true,ZC-1989N,ZC-1989N,true
1989-05-08,ZC-1990H,269.5,268.75,152,6939,1990-02-28,296,false,false,false,false,ZC-1989N,true,"","","","",ZC-1989N,ZC-1989U,ZC-1989N,true,ZC-1989N,ZC-1989N,true
1989-05-08,ZC-1990K,271.5,270.0,5,1434,1990-04-30,357,false,false,false,false,ZC-1989N,true,"","","","",ZC-1989N,ZC-1989U,ZC-1989N,true,ZC-1989N,ZC-1989N,true
1989-05-08,ZC-1990N,274.0,272.0,4,590,1990-06-29,417,false,false,false,false,ZC-1989N,true,"","","","",ZC-1989N,ZC-1989U,ZC-1989N,true,ZC-1989N,ZC-1989N,true
1989-05-09,ZC-1989K,280.25,277.5,3094,9619,1989-04-28,-11,true,"","","",ZC-1989N,true,"","","","",ZC-1989N,ZC-1989U,ZC-1989N,true,ZC-1989N,ZC-1989N,true
1989-05-09,ZC-1989N,276.0,274.0,17907,74845,1989-06-30,52,false,true,true,true,ZC-1989N,true,"","","","",ZC-1989N,ZC-1989U,ZC-1989N,true,ZC-1989N,ZC-1989N,true
1989-05-09,ZC-1989U,265.5,264.5,1338,15174,1989-08-31,114,false,false,false,false,ZC-1989N,true,"","","","",ZC-1989N,ZC-1989U,ZC-1989N,true,ZC-1989N,ZC-1989N,true
1989-05-09,ZC-1989Z,262.25,262.25,8951,57856,1989-11-30,205,false,false,false,false,ZC-1989N,true,"","","","",ZC-1989N,ZC-1989U,ZC-1989N,true,ZC-1989N,ZC-1989N,true
1989-05-09,ZC-1990H,268.25,268.5,149,7000,1990-02-28,295,false,false,false,false,ZC-1989N,true,"","","","",ZC-1989N,ZC-1989U,ZC-1989N,true,ZC-1989N,ZC-1989N,true
1989-05-09,ZC-1990K,270.25,270.25,46,1448,1990-04-30,356,false,false,false,false,ZC-1989N,true,"","","","",ZC-1989N,ZC-1989U,ZC-1989N,true,ZC-1989N,ZC-1989N,true
1989-05-09,ZC-1990N,271.5,272.25,17,600,1990-06-29,416,false,false,false,false,ZC-1989N,true,"","","","",ZC-1989N,ZC-1989U,ZC-1989N,true,ZC-1989N,ZC-1989N,true
1989-05-10,ZC-1989K,278.5,279.5,1714,9028,1989-04-28,-12,true,"","","",ZC-1989N,true,"","","","",ZC-1989N,ZC-1989U,ZC-1989N,true,ZC-1989N,ZC-1989N,true
1989-05-10,ZC-1989N,275.0,275.0,13269,75664,1989-06-30,51,false,true,true,true,ZC-1989N,true,"","","","",ZC-1989N,ZC-1989U,ZC-1989N,true,ZC-1989N,ZC-1989N,true
1989-05-10,ZC-1989U,265.5,265.0,1227,15655,1989-08-31,113,false,false,false,false,ZC-1989N,true,"","","","",ZC-1989N,ZC-1989U,ZC-1989N,true,ZC-1989N,ZC-1989N,true
1989-05-10,ZC-1989Z,262.25,261.5,5685,57570,1989-11-30,204,false,false,false,false,ZC-1989N,true,"","","","",ZC-1989N,ZC-1989U,ZC-1989N,true,ZC-1989N,ZC-1989N,true
1989-05-10,ZC-1990H,268.75,268.0,212,7034,1990-02-28,294,false,false,false,false,ZC-1989N,true,"","","","",ZC-1989N,ZC-1989U,ZC-1989N,true,ZC-1989N,ZC-1989N,true
1989-05-10,ZC-1990K,271.25,270.0,55,1449,1990-04-30,355,false,false,false,false,ZC-1989N,true,"","","","",ZC-1989N,ZC-1989U,ZC-1989N,true,ZC-1989N,ZC-1989N,true
1989-05-10,ZC-1990N,272.5,271.75,7,602,1990-06-29,415,false,false,false,false,ZC-1989N,true,"","","","",ZC-1989N,ZC-1989U,ZC-1989N,true,ZC-1989N,ZC-1989N,true
1989-05-11,ZC-1989K,279.0,276.25,3039,7742,1989-04-28,-13,true,"","","",ZC-1989N,true,"","","","",ZC-1989N,ZC-1989U,ZC-1989N,true,ZC-1989N,ZC-1989N,true
1989-05-11,ZC-1989N,274.25,272.5,18158,75081,1989-06-30,50,false,true,true,true,ZC-1989N,true,"","","","",ZC-1989N,ZC-1989U,ZC-1989N,true,ZC-1989N,ZC-1989N,true
1989-05-11,ZC-1989U,264.25,262.25,3019,15896,1989-08-31,112,false,false,false,false,ZC-1989N,true,"","","","",ZC-1989N,ZC-1989U,ZC-1989N,true,ZC-1989N,ZC-1989N,true
1989-05-11,ZC-1989Z,260.5,259.5,11422,57554,1989-11-30,203,false,false,false,false,ZC-1989N,true,"","","","",ZC-1989N,ZC-1989U,ZC-1989N,true,ZC-1989N,ZC-1989N,true
1989-05-11,ZC-1990H,267.25,266.25,572,7272,1990-02-28,293,false,false,false,false,ZC-1989N,true,"","","","",ZC-1989N,ZC-1989U,ZC-1989N,true,ZC-1989N,ZC-1989N,true
1989-05-11,ZC-1990K,267.0,268.5,90,1451,1990-04-30,354,false,false,false,false,ZC-1989N,true,"","","","",ZC-1989N,ZC-1989U,ZC-1989N,true,ZC-1989N,ZC-1989N,true
1989-05-11,ZC-1990N,269.0,269.5,136,689,1990-06-29,414,false,false,false,false,ZC-1989N,true,"","","","",ZC-1989N,ZC-1989U,ZC-1989N,true,ZC-1989N,ZC-1989N,true
1989-05-12,ZC-1989K,276.5,278.25,1412,6930,1989-04-28,-14,true,"","","",ZC-1989N,true,"","","","",ZC-1989N,ZC-1989U,ZC-1989N,true,ZC-1989N,ZC-1989N,true
1989-05-12,ZC-1989N,273.0,274.5,18234,75732,1989-06-30,49,false,true,true,true,ZC-1989N,true,"","","","",ZC-1989N,ZC-1989U,ZC-1989N,true,ZC-1989N,ZC-1989N,true
1989-05-12,ZC-1989U,262.0,262.5,1569,15870,1989-08-31,111,false,false,false,false,ZC-1989N,true,"","","","",ZC-1989N,ZC-1989U,ZC-1989N,true,ZC-1989N,ZC-1989N,true
1989-05-12,ZC-1989Z,259.0,258.5,7141,57607,1989-11-30,202,false,false,false,false,ZC-1989N,true,"","","","",ZC-1989N,ZC-1989U,ZC-1989N,true,ZC-1989N,ZC-1989N,true
1989-05-12,ZC-1990H,265.25,265.5,258,7284,1990-02-28,292,false,false,false,false,ZC-1989N,true,"","","","",ZC-1989N,ZC-1989U,ZC-1989N,true,ZC-1989N,ZC-1989N,true
1989-05-12,ZC-1990K,267.75,267.5,10,1452,1990-04-30,353,false,false,false,false,ZC-1989N,true,"","","","",ZC-1989N,ZC-1989U,ZC-1989N,true,ZC-1989N,ZC-1989N,true
1989-05-12,ZC-1990N,269.25,268.5,45,722,1990-06-29,413,false,false,false,false,ZC-1989N,true,"","","","",ZC-1989N,ZC-1989U,ZC-1989N,true,ZC-1989N,ZC-1989N,true
1989-05-15,ZC-1989K,279.0,280.75,2120,5661,1989-04-28,-17,true,"","","",ZC-1989N,true,"","","","",ZC-1989N,ZC-1989U,ZC-1989N,true,ZC-1989N,ZC-1989N,true
1989-05-15,ZC-1989N,275.25,276.0,16953,75217,1989-06-30,46,false,true,true,true,ZC-1989N,true,"","","","",ZC-1989N,ZC-1989U,ZC-1989N,true,ZC-1989N,ZC-1989N,true
1989-05-15,ZC-1989U,263.25,264.5,1422,16356,1989-08-31,108,false,false,false,false,ZC-1989N,true,"","","","",ZC-1989N,ZC-1989U,ZC-1989N,true,ZC-1989N,ZC-1989N,true
1989-05-15,ZC-1989Z,260.5,260.5,8345,57792,1989-11-30,199,false,false,false,false,ZC-1989N,true,"","","","",ZC-1989N,ZC-1989U,ZC-1989N,true,ZC-1989N,ZC-1989N,true
1989-05-15,ZC-1990H,266.25,267.25,526,7355,1990-02-28,289,false,false,false,false,ZC-1989N,true,"","","","",ZC-1989N,ZC-1989U,ZC-1989N,true,ZC-1989N,ZC-1989N,true
1989-05-15,ZC-1990K,269.0,269.0,35,1456,1990-04-30,350,false,false,false,false,ZC-1989N,true,"","","","",ZC-1989N,ZC-1989U,ZC-1989N,true,ZC-1989N,ZC-1989N,true
1989-05-15,ZC-1990N,270.5,270.75,18,738,1990-06-29,410,false,false,false,false,ZC-1989N,true,"","","","",ZC-1989N,ZC-1989U,ZC-1989N,true,ZC-1989N,ZC-1989N,true
1989-05-16,ZC-1989K,280.25,277.5,3310,4063,1989-04-28,-18,true,"","","",ZC-1989N,true,"","","","",ZC-1989N,ZC-1989U,ZC-1989N,true,ZC-1989N,ZC-1989N,true
1989-05-16,ZC-1989N,275.5,271.5,28974,75967,1989-06-30,45,false,true,true,true,ZC-1989N,true,"","","","",ZC-1989N,ZC-1989U,ZC-1989N,true,ZC-1989N,ZC-1989N,true
1989-05-16,ZC-1989U,263.0,259.5,3507,17288,1989-08-31,107,false,false,false,false,ZC-1989N,true,"","","","",ZC-1989N,ZC-1989U,ZC-1989N,true,ZC-1989N,ZC-1989N,true
1989-05-16,ZC-1989Z,259.5,255.75,14751,58929,1989-11-30,198,false,false,false,false,ZC-1989N,true,"","","","",ZC-1989N,ZC-1989U,ZC-1989N,true,ZC-1989N,ZC-1989N,true
1989-05-16,ZC-1990H,265.25,262.5,648,7561,1990-02-28,288,false,false,false,false,ZC-1989N,true,"","","","",ZC-1989N,ZC-1989U,ZC-1989N,true,ZC-1989N,ZC-1989N,true
1989-05-16,ZC-1990K,268.0,264.0,90,1501,1990-04-30,349,false,false,false,false,ZC-1989N,true,"","","","",ZC-1989N,ZC-1989U,ZC-1989N,true,ZC-1989N,ZC-1989N,true
1989-05-16,ZC-1990N,269.0,265.5,62,793,1990-06-29,409,false,false,false,false,ZC-1989N,true,"","","","",ZC-1989N,ZC-1989U,ZC-1989N,true,ZC-1989N,ZC-1989N,true
1989-05-17,ZC-1989K,277.25,277.25,2298,2758,1989-04-28,-19,true,"","","",ZC-1989N,true,"","","","",ZC-1989N,ZC-1989U,ZC-1989N,true,ZC-1989N,ZC-1989N,true
1989-05-17,ZC-1989N,271.0,270.5,22159,76015,1989-06-30,44,false,true,true,true,ZC-1989N,true,"","","","",ZC-1989N,ZC-1989U,ZC-1989N,true,ZC-1989N,ZC-1989N,true
1989-05-17,ZC-1989U,258.0,258.5,2224,17288,1989-08-31,106,false,false,false,false,ZC-1989N,true,"","","","",ZC-1989N,ZC-1989U,ZC-1989N,true,ZC-1989N,ZC-1989N,true
1989-05-17,ZC-1989Z,254.25,254.25,9042,58573,1989-11-30,197,false,false,false,false,ZC-1989N,true,"","","","",ZC-1989N,ZC-1989U,ZC-1989N,true,ZC-1989N,ZC-1989N,true
1989-05-17,ZC-1990H,260.75,261.25,1120,7453,1990-02-28,287,false,false,false,false,ZC-1989N,true,"","","","",ZC-1989N,ZC-1989U,ZC-1989N,true,ZC-1989N,ZC-1989N,true
1989-05-17,ZC-1990K,264.0,263.0,37,1504,1990-04-30,348,false,false,false,false,ZC-1989N,true,"","","","",ZC-1989N,ZC-1989U,ZC-1989N,true,ZC-1989N,ZC-1989N,true
1989-05-17,ZC-1990N,265.0,264.5,45,826,1990-06-29,408,false,false,false,false,ZC-1989N,true,"","","","",ZC-1989N,ZC-1989U,ZC-1989N,true,ZC-1989N,ZC-1989N,true
1989-05-18,ZC-1989K,278.5,276.0,3539,1025,1989-04-28,-20,true,"","","",ZC-1989N,true,"","","","",ZC-1989N,ZC-1989U,ZC-1989N,true,ZC-1989N,ZC-1989N,true
1989-05-18,ZC-1989N,272.5,271.75,17764,75713,1989-06-30,43,false,true,true,true,ZC-1989N,true,"","","","",ZC-1989N,ZC-1989U,ZC-1989N,true,ZC-1989N,ZC-1989N,true
1989-05-18,ZC-1989U,259.75,260.5,1266,17411,1989-08-31,105,false,false,false,false,ZC-1989N,true,"","","","",ZC-1989N,ZC-1989U,ZC-1989N,true,ZC-1989N,ZC-1989N,true
1989-05-18,ZC-1989Z,255.25,257.25,7503,58637,1989-11-30,196,false,false,false,false,ZC-1989N,true,"","","","",ZC-1989N,ZC-1989U,ZC-1989N,true,ZC-1989N,ZC-1989N,true
1989-05-18,ZC-1990H,261.75,263.75,414,7533,1990-02-28,286,false,false,false,false,ZC-1989N,true,"","","","",ZC-1989N,ZC-1989U,ZC-1989N,true,ZC-1989N,ZC-1989N,true
1989-05-18,ZC-1990K,266.0,266.0,4,1503,1990-04-30,347,false,false,false,false,ZC-1989N,true,"","","","",ZC-1989N,ZC-1989U,ZC-1989N,true,ZC-1989N,ZC-1989N,true
1989-05-18,ZC-1990N,265.5,267.5,5,826,1990-06-29,407,false,false,false,false,ZC-1989N,true,"","","","",ZC-1989N,ZC-1989U,ZC-1989N,true,ZC-1989N,ZC-1989N,true
1989-05-19,ZC-1989K,275.25,274.75,1152,213,1989-04-28,-21,true,"","","",ZC-1989N,true,"","","","",ZC-1989N,ZC-1989U,ZC-1989N,true,ZC-1989N,ZC-1989N,true
1989-05-19,ZC-1989N,271.25,271.75,15597,74967,1989-06-30,42,false,true,true,true,ZC-1989N,true,"","","","",ZC-1989N,ZC-1989U,ZC-1989N,true,ZC-1989N,ZC-1989N,true
1989-05-19,ZC-1989U,260.0,261.5,925,17447,1989-08-31,104,false,false,false,false,ZC-1989N,true,"","","","",ZC-1989N,ZC-1989U,ZC-1989N,true,ZC-1989N,ZC-1989N,true
1989-05-19,ZC-1989Z,257.25,258.5,6900,59272,1989-11-30,195,false,false,false,false,ZC-1989N,true,"","","","",ZC-1989N,ZC-1989U,ZC-1989N,true,ZC-1989N,ZC-1989N,true
1989-05-19,ZC-1990H,264.0,265.5,556,7635,1990-02-28,285,false,false,false,false,ZC-1989N,true,"","","","",ZC-1989N,ZC-1989U,ZC-1989N,true,ZC-1989N,ZC-1989N,true
1989-05-19,ZC-1990K,266.0,267.5,27,1504,1990-04-30,346,false,false,false,false,ZC-1989N,true,"","","","",ZC-1989N,ZC-1989U,ZC-1989N,true,ZC-1989N,ZC-1989N,true
1989-05-19,ZC-1990N,268.5,269.0,13,836,1990-06-29,406,false,false,false,false,ZC-1989N,true,"","","","",ZC-1989N,ZC-1989U,ZC-1989N,true,ZC-1989N,ZC-1989N,true
1989-05-22,ZC-1989N,269.5,266.0,30781,75926,1989-06-30,39,false,true,true,true,ZC-1989N,true,"","","","",ZC-1989N,ZC-1989U,ZC-1989N,true,ZC-1989N,ZC-1989N,true
1989-05-22,ZC-1989U,260.5,253.5,4500,17946,1989-08-31,101,false,false,false,false,ZC-1989N,true,"","","","",ZC-1989N,ZC-1989U,ZC-1989N,true,ZC-1989N,ZC-1989N,true
1989-05-22,ZC-1989Z,253.0,249.25,13694,59515,1989-11-30,192,false,false,false,false,ZC-1989N,true,"","","","",ZC-1989N,ZC-1989U,ZC-1989N,true,ZC-1989N,ZC-1989N,true
1989-05-22,ZC-1990H,260.5,256.25,896,7814,1990-02-28,282,false,false,false,false,ZC-1989N,true,"","","","",ZC-1989N,ZC-1989U,ZC-1989N,true,ZC-1989N,ZC-1989N,true
1989-05-22,ZC-1990K,260.5,259.0,440,1805,1990-04-30,343,false,false,false,false,ZC-1989N,true,"","","","",ZC-1989N,ZC-1989U,ZC-1989N,true,ZC-1989N,ZC-1989N,true
1989-05-22,ZC-1990N,259.0,259.5,30,848,1990-06-29,403,false,false,false,false,ZC-1989N,true,"","","","",ZC-1989N,ZC-1989U,ZC-1989N,true,ZC-1989N,ZC-1989N,true
1989-05-22,ZC-1990U,255.0,253.0,3,2,1990-08-31,466,false,false,false,false,ZC-1989N,true,"","","","",ZC-1989N,ZC-1989U,ZC-1989N,true,ZC-1989N,ZC-1989N,true
1989-05-22,ZC-1990Z,250.0,249.5,1,1,1990-11-30,557,false,false,false,false,ZC-1989N,true,"","","","",ZC-1989N,ZC-1989U,ZC-1989N,true,ZC-1989N,ZC-1989N,true
1989-05-23,ZC-1989N,266.5,265.0,22291,74914,1989-06-30,38,false,true,true,true,ZC-1989N,true,"","","","",ZC-1989N,ZC-1989U,ZC-1989N,true,ZC-1989N,ZC-1989N,true
1989-05-23,ZC-1989U,254.0,250.5,3890,18303,1989-08-31,100,false,false,false,false,ZC-1989N,true,"","","","",ZC-1989N,ZC-1989U,ZC-1989N,true,ZC-1989N,ZC-1989N,true
1989-05-23,ZC-1989Z,249.25,245.25,13532,60915,1989-11-30,191,false,false,false,false,ZC-1989N,true,"","","","",ZC-1989N,ZC-1989U,ZC-1989N,true,ZC-1989N,ZC-1989N,true
1989-05-23,ZC-1990H,256.5,252.75,901,8055,1990-02-28,281,false,false,false,false,ZC-1989N,true,"","","","",ZC-1989N,ZC-1989U,ZC-1989N,true,ZC-1989N,ZC-1989N,true
1989-05-23,ZC-1990K,260.0,255.75,183,1868,1990-04-30,342,false,false,false,false,ZC-1989N,true,"","","","",ZC-1989N,ZC-1989U,ZC-1989N,true,ZC-1989N,ZC-1989N,true
1989-05-23,ZC-1990N,259.0,256.25,105,895,1990-06-29,402,false,false,false,false,ZC-1989N,true,"","","","",ZC-1989N,ZC-1989U,ZC-1989N,true,ZC-1989N,ZC-1989N,true
1989-05-23,ZC-1990U,247.0,247.0,0,2,1990-08-31,465,false,false,false,false,ZC-1989N,true,"","","","",ZC-1989N,ZC-1989U,ZC-1989N,true,ZC-1989N,ZC-1989N,true
1989-05-23,ZC-1990Z,249.5,243.75,3,3,1990-11-30,556,false,false,false,false,ZC-1989N,true,"","","","",ZC-1989N,ZC-1989U,ZC-1989N,true,ZC-1989N,ZC-1989N,true
