instrument,last_date,codes,Dead_contracts,Active_contracts,per_year,is_deliverable,has_notice,Mean_Auto_Best_V,Mean_Forced_Best_V,Roll_Rule,Unique_Roll
6A,20260918,HMUZ,"",HMUZ,4,true,false,0.9882,0.9861,auto_roll,
6B,20260918,HMUZ,"",HMUZ,4,true,false,0.9787,0.9997,forced_roll,
6C,20260918,HMUZ,"",HMUZ,4,true,false,0.9712,0.9944,forced_roll,
6E,20260918,HMUZ,"",HMUZ,4,true,false,0.9954,1.0,auto_roll,
6J,20260918,HMUZ,"",HMUZ,4,true,false,0.9757,0.9947,forced_roll,
6M,20260918,HMUZ,"",HMUZ,4,true,false,0.9871,0.9668,auto_roll,
6N,20260918,HMUZ,"",HMUZ,4,true,false,1.0,1.0,auto_roll,
6S,20260918,HMUZ,"",HMUZ,4,true,false,0.9766,0.9931,LT_forced_roll,true
BRN,20260918,FGHJKMNQUVXZ,"",FGHJKMNQUVXZ,12,false,false,0.9434,0.9913,forced_roll,
BTC,20260918,FGHJKMNQUVXZ,"",FGHJKMNQUVXZ,12,false,false,1.0,1.0,auto_roll,
CC,20260918,HKNUZ,"",HKNUZ,5,true,true,0.9083,0.9385,forced_roll,
CGB,20260918,HMUZ,"",HMUZ,4,true,true,0.9997,0.9997,auto_roll,
CL,20260918,FGHJKMNQUVXZ,"",FGHJKMNQUVXZ,12,true,false,0.9282,0.9816,forced_roll,
CT,20260918,HKNVZ,V,HKNZ,5,true,true,0.9009,0.942,forced_roll,
DX,20260918,HMUZ,"",HMUZ,4,true,false,0.9767,0.9638,auto_roll,
EMD,20260918,HMUZ,"",HMUZ,4,false,false,0.9815,1.0,forced_roll,
ES,20260918,HMUZ,"",HMUZ,4,false,false,0.9811,1.0,forced_roll,
ETH,20260918,FGHJKMNQUVXZ,"",FGHJKMNQUVXZ,12,false,false,1.0,1.0,auto_roll,
EUA,20260918,FGHJKMNQUVXZ,FGHJKMNQUVX,Z,12,true,false,0.9918,0.7011,LT_forced_roll,true
FDAX9,20260918,HMUZ,"",HMUZ,4,false,false,0.9983,0.9791,auto_roll,
FESX9,20260918,HMUZ,"",HMUZ,4,false,false,0.9978,0.9799,auto_roll,
FGBL9,20260918,HMUZ,"",HMUZ,4,true,false,0.9951,0.981,auto_roll,
FGBM9,20260918,HMUZ,"",HMUZ,4,true,false,0.9958,0.9815,auto_roll,
FGBS9,20260918,HMUZ,"",HMUZ,4,true,false,0.9928,0.9741,auto_roll,
GAS,20260918,FGHJKMNQUVXZ,"",FGHJKMNQUVXZ,12,true,false,0.6217,0.944,forced_roll,
GC,20260918,FGHJKMNQUVXZ,FHKNUVX,GJMQZ,12,true,true,0.9858,0.9737,auto_roll,
GF,20260918,FHJKQUVX,"",FHJKQUVX,8,false,false,0.413,0.9023,forced_roll,
HE,20260918,GJKMNQVZ,K,GJMNQVZ,8,false,false,0.5634,0.928,CS_forced_roll,true
HG,20260918,FGHJKMNQUVXZ,FGJMQVX,HKNUZ,12,true,true,0.9689,0.9717,auto_roll,
HO,20260918,FGHJKMNQUVXZ,"",FGHJKMNQUVXZ,12,true,false,0.7531,0.9671,forced_roll,
HSI,20260918,FGHJKMNQUVXZ,"",FGHJKMNQUVXZ,12,false,false,1.0,1.0,auto_roll,
KC,20260918,HKNUZ,"",HKNUZ,5,true,true,0.9272,0.9721,forced_roll,
LE,20260918,GJMQVZ,KNUX,GJMQVZ,6,true,true,0.8176,0.9368,forced_roll,
LEU9,20260918,FGHJKMNQUVXZ,FGJKNQVX,HMUZ,12,false,false,0.2875,0.3911,auto_roll,
LFT9,20260918,HMUZ,"",HMUZ,4,false,false,1.0,1.0,auto_roll,
LLG,20260918,HMUZ,"",HMUZ,4,true,true,0.9999,0.9999,auto_roll,
NG,20260918,FGHJKMNQUVXZ,"",FGHJKMNQUVXZ,12,true,false,0.9757,0.9695,auto_roll,
NIY,20260918,HMUZ,"",HMUZ,4,false,false,1.0,1.0,auto_roll,
NQ,20260918,HMUZ,"",HMUZ,4,false,false,0.9824,1.0,forced_roll,
PA,20260918,HMUZ,"",HMUZ,4,true,true,0.9792,0.9502,auto_roll,
PL,20260918,FGHJKMNQUVXZ,GHKMQUXZ,FJNV,12,true,true,0.9925,0.9985,auto_roll,
RB,20260918,FGHJKMNQUVXZ,"",FGHJKMNQUVXZ,12,true,false,0.7189,0.9591,forced_roll,
RS,20260918,FHKNX,"",FHKMNQUX,5,true,true,0.7034,0.8246,RS_forced_roll,true
RTY,20260918,HMUZ,"",HMUZ,4,false,false,0.983,1.0,forced_roll,
SB,20260918,HKNV,FU,HKNV,4,true,false,0.8824,0.9451,LT_forced_roll,true
SI,20260918,FGHJKMNQUVXZ,FGJMQVX,HKNUZ,12,true,true,0.9877,0.9604,auto_roll,
SJB,20260918,HMUZ,"",HMUZ,4,false,false,0.9993,1.0,forced_roll,
SO3,20260918,HMUZ,"",HMUZ,4,false,false,0.0249,0.3716,+1_auto_roll,true
SR3,20260918,HMUZ,"",HMUZ,4,false,false,0.0214,0.3292,+1_auto_roll,true
SXF,20260918,HMUZ,"",HMUZ,4,false,false,0.9988,0.9994,forced_roll,
UB,20260918,HMUZ,"",HMUZ,4,true,true,1.0,1.0,auto_roll,
VX,20260918,FGHJKMNQUVXZ,"",FGHJKMNQUVXZ,12,false,false,0.8799,0.8729,CS_forced_roll,true
YAP4,20260921,FGHJKMNQUVXZ,FGJKNQVX,HMUZ,12,false,false,0.9837,0.9927,forced_roll,
YXT4,20260921,HMUZ,"",HMUZ,4,false,false,0.9961,0.9962,forced_roll,
ZB,20260918,HMUZ,"",HMUZ,4,true,true,0.9899,0.9695,auto_roll,
ZC,20260918,HKNUZ,FX,HKNUZ,5,true,true,0.7718,0.9611,forced_roll,
ZF,20260918,HMUZ,"",HMUZ,4,true,true,0.9997,0.9985,auto_roll,
ZL,20260918,FHKNQUVZ,"",FHKNQUVZ,8,true,true,0.7185,0.948,forced_roll,
ZM,20260918,FHKNQUVZ,"",FHKNQUVZ,8,true,true,0.7423,0.9371,forced_roll,
ZN,20260918,HMUZ,"",HMUZ,4,true,true,1.0,1.0,auto_roll,
ZS,20260918,FHKNQUX,"",FHKNQUX,7,true,true,0.7381,0.9814,forced_roll,
ZT,20260918,HMUZ,"",HMUZ,4,true,true,0.9985,0.9945,auto_roll,
ZW,20260918,HKNUZ,"",HKNUZ,5,true,true,0.8067,0.9585,forced_roll,
